{
  "1" : {
    "transaction" : "1",
    "sampleCount" : 360,
    "errorCount" : 8,
    "errorPct" : 2.2222223,
    "meanResTime" : 805.6666666666671,
    "medianResTime" : 816.5,
    "minResTime" : 712.0,
    "maxResTime" : 912.0,
    "pct1ResTime" : 843.0,
    "pct2ResTime" : 846.0,
    "pct3ResTime" : 855.3399999999999,
    "throughput" : 2.5909532548850263,
    "receivedKBytesPerSec" : 0.5844826190219152,
    "sentKBytesPerSec" : 0.3972457627118644
  },
  "2" : {
    "transaction" : "2",
    "sampleCount" : 360,
    "errorCount" : 1,
    "errorPct" : 0.2777778,
    "meanResTime" : 607.1694444444444,
    "medianResTime" : 616.5,
    "minResTime" : 519.0,
    "maxResTime" : 951.0,
    "pct1ResTime" : 642.0,
    "pct2ResTime" : 648.0,
    "pct3ResTime" : 688.0199999999998,
    "throughput" : 2.5931181525473783,
    "receivedKBytesPerSec" : 0.5849709894906684,
    "sentKBytesPerSec" : 0.3975776854979867
  },
  "3" : {
    "transaction" : "3",
    "sampleCount" : 360,
    "errorCount" : 0,
    "errorPct" : 0.0,
    "meanResTime" : 406.98888888888865,
    "medianResTime" : 414.0,
    "minResTime" : 313.0,
    "maxResTime" : 734.0,
    "pct1ResTime" : 442.0,
    "pct2ResTime" : 446.0,
    "pct3ResTime" : 504.3399999999999,
    "throughput" : 2.5965221028944008,
    "receivedKBytesPerSec" : 0.585738872820905,
    "sentKBytesPerSec" : 0.3980995802289267
  },
  "Total" : {
    "transaction" : "Total",
    "sampleCount" : 1080,
    "errorCount" : 9,
    "errorPct" : 0.8333333,
    "meanResTime" : 606.6083333333326,
    "medianResTime" : 617.5,
    "minResTime" : 313.0,
    "maxResTime" : 951.0,
    "pct1ResTime" : 834.0,
    "pct2ResTime" : 840.0,
    "pct3ResTime" : 850.0,
    "throughput" : 7.77285976465508,
    "receivedKBytesPerSec" : 1.7534478570657455,
    "sentKBytesPerSec" : 1.1917372881355932
  }
}